{"type": "Scheduler", "id": "Scheduler-bbd9561d-223a-4943-a12d-3c5d14024f42", "address": "tcp://10.254.130.75:8786", "services": {"dashboard": 8787}, "started": 1750711516.5500357, "n_workers": 4, "total_threads": 4, "total_memory": 8250949632, "workers": {"tcp://192.168.88.111:33487": {"type": "Worker", "id": "tcp://192.168.88.111:33487", "host": "192.168.88.111", "resources": {}, "local_directory": "/tmp/dask-scratch-space/worker-j2xmfe96", "name": "tcp://192.168.88.111:33487", "nthreads": 1, "memory_limit": 2062737408, "last_seen": 1750712161.0379205, "services": {"dashboard": 35253}, "metrics": {"task_counts": {}, "bandwidth": {"total": 100000000, "workers": {}, "types": {}}, "digests_total_since_heartbeat": {"tick-duration": 0.4991602897644043, "latency": 0.0310211181640625}, "managed_bytes": 0, "spilled_bytes": {"memory": 0, "disk": 0}, "transfer": {"incoming_bytes": 0, "incoming_count": 0, "incoming_count_total": 0, "outgoing_bytes": 0, "outgoing_count": 0, "outgoing_count_total": 0}, "event_loop_interval": 0.019995718002319335, "cpu": 2.0, "memory": 94011392, "time": 1750712160.525875, "host_net_io": {"read_bps": 406.28422181530436, "write_bps": 1485.0388797386988}, "host_disk_io": {"read_bps": 0.0, "write_bps": 0.0}, "num_fds": 20}, "status": "running", "nanny": "tcp://192.168.88.111:36377"}, "tcp://192.168.88.112:34585": {"type": "Worker", "id": "tcp://192.168.88.112:34585", "host": "192.168.88.112", "resources": {}, "local_directory": "/tmp/dask-scratch-space/worker-j8k6668h", "name": "tcp://192.168.88.112:34585", "nthreads": 1, "memory_limit": 2062737408, "last_seen": 1750712160.8093126, "services": {"dashboard": 39865}, "metrics": {"task_counts": {}, "bandwidth": {"total": 100000000, "workers": {}, "types": {}}, "digests_total_since_heartbeat": {"tick-duration": 0.4998199939727783, "latency": 0.03859734535217285}, "managed_bytes": 0, "spilled_bytes": {"memory": 0, "disk": 0}, "transfer": {"incoming_bytes": 0, "incoming_count": 0, "incoming_count_total": 0, "outgoing_bytes": 0, "outgoing_count": 0, "outgoing_count_total": 0}, "event_loop_interval": 0.02003542900085449, "cpu": 2.0, "memory": 91828224, "time": 1750712160.298657, "host_net_io": {"read_bps": 526.1710666325587, "write_bps": 1484.482629054595}, "host_disk_io": {"read_bps": 0.0, "write_bps": 0.0}, "num_fds": 20}, "status": "running", "nanny": "tcp://192.168.88.112:34289"}, "tcp://192.168.88.113:39479": {"type": "Worker", "id": "tcp://192.168.88.113:39479", "host": "192.168.88.113", "resources": {}, "local_directory": "/tmp/dask-scratch-space/worker-n4sh95t0", "name": "tcp://192.168.88.113:39479", "nthreads": 1, "memory_limit": 2062737408, "last_seen": 1750712160.885999, "services": {"dashboard": 43201}, "metrics": {"task_counts": {}, "bandwidth": {"total": 100000000, "workers": {}, "types": {}}, "digests_total_since_heartbeat": {"tick-duration": 0.5012311935424805, "latency": 0.02750682830810547}, "managed_bytes": 0, "spilled_bytes": {"memory": 0, "disk": 0}, "transfer": {"incoming_bytes": 0, "incoming_count": 0, "incoming_count_total": 0, "outgoing_bytes": 0, "outgoing_count": 0, "outgoing_count_total": 0}, "event_loop_interval": 0.019987783432006835, "cpu": 4.0, "memory": 91791360, "time": 1750712160.3795779, "host_net_io": {"read_bps": 405.91309075990813, "write_bps": 1483.6823317431126}, "host_disk_io": {"read_bps": 0.0, "write_bps": 0.0}, "num_fds": 20}, "status": "running", "nanny": "tcp://192.168.88.113:43637"}, "tcp://192.168.88.114:43167": {"type": "Worker", "id": "tcp://192.168.88.114:43167", "host": "192.168.88.114", "resources": {}, "local_directory": "/tmp/dask-scratch-space/worker-mwvedmh9", "name": "tcp://192.168.88.114:43167", "nthreads": 1, "memory_limit": 2062737408, "last_seen": 1750712161.149488, "services": {"dashboard": 44165}, "metrics": {"task_counts": {}, "bandwidth": {"total": 100000000, "workers": {}, "types": {}}, "digests_total_since_heartbeat": {"tick-duration": 0.49999499320983887, "latency": 0.028548479080200195}, "managed_bytes": 0, "spilled_bytes": {"memory": 0, "disk": 0}, "transfer": {"incoming_bytes": 0, "incoming_count": 0, "incoming_count_total": 0, "outgoing_bytes": 0, "outgoing_count": 0, "outgoing_count_total": 3}, "event_loop_interval": 0.020026297569274903, "cpu": 2.0, "memory": 106242048, "time": 1750712160.6394417, "host_net_io": {"read_bps": 538.7421269771612, "write_bps": 1618.2291397678298}, "host_disk_io": {"read_bps": 0.0, "write_bps": 0.0}, "num_fds": 21}, "status": "running", "nanny": "tcp://192.168.88.114:40497"}}}