{"type": "Scheduler", "id": "Scheduler-2f19c760-3414-49da-bcf8-530b753bef95", "address": "tcp://10.254.130.75:8786", "services": {"dashboard": 8787}, "started": 1750700126.4209082, "n_workers": 1, "total_threads": 1, "total_memory": 1031241728, "workers": {"tcp://192.168.88.114:45193": {"type": "Worker", "id": "tcp://192.168.88.114:45193", "host": "192.168.88.114", "resources": {}, "local_directory": "/tmp/dask-scratch-space/worker-jjvdinrz", "name": "tcp://192.168.88.114:45193", "nthreads": 1, "memory_limit": 1031241728, "last_seen": 1750702171.4344263, "services": {"dashboard": 44829}, "metrics": {"task_counts": {"cancelled": 1}, "bandwidth": {"total": 100000000, "workers": {}, "types": {}}, "digests_total_since_heartbeat": {"tick-duration": 0.49947309494018555, "profile-duration": 0.0009734630584716797, "latency": 0.07994985580444336}, "managed_bytes": 0, "spilled_bytes": {"memory": 0, "disk": 0}, "transfer": {"incoming_bytes": 0, "incoming_count": 0, "incoming_count_total": 0, "outgoing_bytes": 0, "outgoing_count": 0, "outgoing_count_total": 3}, "event_loop_interval": 0.019894852930185745, "cpu": 102.0, "memory": 56844288, "time": 1750702170.8459826, "host_net_io": {"read_bps": 285.9627133221079, "write_bps": 1661.783320074627}, "host_disk_io": {"read_bps": 0.0, "write_bps": 0.0}, "num_fds": 21}, "status": "running", "nanny": "tcp://192.168.88.114:46411"}}}